{
  "total": 713181,
  "raca_percent": {
    "Parda": 0.39794666431102343,
    "Preta": 0.10976175753420239,
    "Branca": 0.48851553813127385,
    "Amarela": 0.0028043371878947983,
    "Indígena": 0.0009717028356055475
  },
  "sexo_percent": {
    "Homens": 0.4822688770452382,
    "Mulheres": 0.5177311229547619
  }
}